smiles,TotalEnergy
NC[C@H]1O[C@@H](O[C@@H](Cc2cn(Cc3ccc(COc4ccc(C(=O)c5ccccc5)cc4)cc3)nn2)[C@H]2O[C@@H](n3ccc(=O)[nH]c3=O)[C@H](O)[C@@H]2O)[C@H](O)[C@@H]1O,-184.1778
O=C(Cn1ccnn1)N1CCOC[C@@]2(C1)CN(C(=O)c1n[nH]cc1[N+](=O)[O-])CCO2,-176.5183
O=C1CC[C@H](C(=O)N2CCOC[C@@]3(CN(C(=O)Cc4cc[nH]n4)CCO3)C2)CN1,-175.5548
NC(=O)c1nccnc1C(=O)N1C[C@@H]2COC[C@H](C1)[C@@H]2NC(=O)c1cc(O)ncn1,-172.7762
O=C(O)c1nnn([C@H]2CO[C@@H]3[C@@H]2OC[C@H]3n2nnc(C(=O)O)c2C(=O)O)c1C(=O)O,-171.8105
O=C(Cn1ccnn1)N[C@@H]1[C@H]2COC[C@@H]1CN(C(=O)c1cc(=O)n3[nH]nnc3n1)C2,-171.5502
CO[C@H]1[C@@H](OC)[C@@H](O[C@@H]1[C@@H](O[C@@H]1OC(=C[C@@H](O)[C@H]1O)C(=O)NCCSSCCNC(C)=O)C(N)=O)n1ccc(=O)[nH]c1=O,-171.3006
O=C(CN1C=C(N=N1)C=2C=CC=CC2Cl)NC=3C=CC=C4C(=O)N(CC34)C5CCC(=O)NC5=O,-170.8135
CO[C@H]1[C@@H](O)[C@@H](O[C@@H]1[C@@H](O[C@H]1OC(=C[C@H](O)[C@@H]1O)C(=O)Nc1ccccc1OCc1ccccc1)C(N)=O)n1ccc(=O)[nH]c1=O,-169.5629
CO[C@H]1[C@@H](O)[C@@H](O[C@@H]1[C@@H](O[C@H]1OC(=C[C@H](O)[C@@H]1O)C(=O)NCCc1ccc(F)cc1)C(N)=O)n1ccc(=O)[nH]c1=O,-169.1681
C[C@@H](O)[C@H](NC(=O)[C@@H](N)CCC(=O)O)C(=O)N[C@@H](Cc1ccc(O)cc1)C(=O)O,-168.8127
C[C@@H]1C(=O)O[C@H]2[C@H](O)[C@]34[C@H]5C[C@@H](C(C)(C)C)[C@]36[C@@H](OC(=O)[C@@H]6O)O[C@@]4(C(=O)O5)[C@@]12O,-168.3575
NC[C@H]1O[C@@H](O[C@@H](Cn2cc(Cc3ccc(COc4ccc(C(=O)c5ccccc5)cc4)cc3)nn2)[C@H]2O[C@@H](n3ccc(=O)[nH]c3=O)[C@H](O)[C@@H]2O)[C@H](O)[C@@H]1O,-168.3444
C[C@H](N)C(=O)N(C)[C@@H](C)[C@H](NC(=O)[C@H](C)NC(=O)N[C@@H](Cc1c[nH]c2ccccc12)C(O)=O)C(=O)N\C=C1/O[C@H]([C@H](O)[C@@H]1O)n1ccc(=O)[nH]c1=O,-167.4237
C[C@](O)(CC(=O)O)CC(=O)N[C@@H]1[C@H]2COC[C@@H]1CN(C(=O)c1cnc(O)nc1O)C2,-167.3665
CO[C@H]1[C@@H](O)[C@@H](O[C@@H]1[C@@H](O[C@H]1OC(=C[C@H](O)[C@@H]1O)C(=O)Nc1cccc(F)c1F)C(N)=O)n1ccc(=O)[nH]c1=O,-167.0477
Cc1nc2cc(O)nn2c(C)c1CC(=O)OCC(=O)c1c(N)n(C)c(=O)n(C)c1=O,-166.8588
CO[C@H]1[C@@H](O)[C@@H](O[C@@H]1[C@@H](O[C@H]1OC(=C[C@H](O)[C@@H]1O)C(=O)NCCc1ccc(Cl)cc1)C(N)=O)n1ccc(=O)[nH]c1=O,-166.453
CO[C@H]1[C@@H](O)[C@@H](O[C@@H]1[C@@H](O[C@H]1OC(=C[C@H](O)[C@@H]1O)C(=O)Nc1ccccc1)C(N)=O)n1ccc(=O)[nH]c1=O,-166.0796
O=C(N[C@@H]1[C@H]2COC[C@@H]1CN(C(=O)Cc1ccncc1)C2)c1cc(=O)n2[nH]nnc2n1,-165.9546
CC1=CC(=O)NC=2C=C(C=CC12)C(=O)NCC3(NC(=O)NC3=O)C4=NC=CN4C,-165.7104
CC(=O)N[C@@H](C)C(=O)N1CC[C@]2(CN(C(=O)c3cc(=O)n4[nH]cnc4n3)CCO2)C1,-165.4604
O=C(COc1cccnc1)N[C@@H]1[C@H]2COC[C@@H]1CN(C(=O)C[C@@H]1NC(=O)NC1=O)C2,-165.3733
C[C@@H]1C(=O)O[C@H]2[C@H](O)[C@]34[C@H]5C[C@@H](C(C)(C)C)[C@@]36[C@H](OC(=O)[C@@H]6O)O[C@@]4(C(=O)O5)[C@@]12O,-165.1352
O=C(C[C@@H]1NC(=O)NC1=O)N[C@@H]1[C@H]2COC[C@@H]1CN(C(=O)COc1cccnc1)C2,-164.9749
CCNC(=O)N[C@H](C)C(=O)N[C@@H]1[C@H]2COC[C@@H]1CN(C(=O)C[C@@H]1NC(=O)NC1=O)C2,-164.8634
O=C1CC[C@H](C(=O)N[C@@H]2[C@H]3COC[C@@H]2CN(C(=O)c2cccn4c(O)nnc24)C3)N1,-164.8428
CC(=O)N[C@H](C)C(=O)N1C[C@@H]2COC[C@H](C1)[C@@H]2NC(=O)c1nccnc1C(N)=O,-164.8305
NC[C@H](N)C(=O)N1CC[C@@H](CNC(=O)CCN2C(=O)C=CC2=O)[C@@H]1c1cccnc1,-164.8264
CC(=O)N[C@H](Cc1cnc[nH]1)C(=O)N1CCCC12CN(C(=O)CC[C@H](N)C(N)=O)C2,-164.8003
O=C1CC(C(=O)N2CCOC[C@@]3(CN(C(=O)C[C@@H]4NC(=O)NC4=O)CCO3)C2)=NN1,-164.0379
COC[C@@H](NC(C)=O)C(=O)N1CC[C@]2(CN(C(=O)C3=NN(C)C(=O)CC3)CCO2)C1,-163.9069
C[C@H](N)/C(O)=N/S(=O)(=O)OC[C@H]1O[C@@H](n2cnc3c(N)ncnc32)[C@H](O)[C@@H]1O,-163.5011
CN1CCN(c2nnc(CN3CCCC3=O)n2CCNC(=O)c2cc[nH]n2)CC1=O,-163.2674
Nc1n[nH]c(CCC(=O)N2C[C@@H]3COC[C@H](C2)[C@@H]3NC(=O)CCn2cncn2)n1,-163.2434
CN1C(=O)C=C(CNC(=O)C(CC=2C=CC=CC2)NC(=O)C=3C=CC=NC3)N(C)C1=O,-162.7771
O=C(N[C@@H]1[C@H]2COC[C@@H]1CN(C(=O)CN1C(=O)C=CC1=O)C2)c1cc[n+]([O-])cc1,-162.7493
NC(=O)CC[C@H](N)C(=O)N1CCO[C@@]2(COCCN(C(=O)c3ccncc3)C2)C1,-162.7244
CN[C@H](CC(=O)NC[C@@H]1OC[C@@H]2CCN(C(=O)c3nc[nH]c3[N+](=O)[O-])C[C@@H]21)C(=O)O,-162.3794
N=C1NCCN1CC(=O)NC[C@@H]1OC[C@@H]2CCN(C(=O)[C@@H](N)CCC(N)=O)C[C@@H]21,-162.3728
O=C(N[C@@H]1[C@H]2COC[C@@H]1CN(C(=O)[C@@H](O)N1CCOCC1)C2)c1n[nH]cc1[N+](=O)[O-],-162.359
O=C(O)c1nnn([C@H]2CO[C@@H]3[C@H]2OC[C@H]3n2nnc(C(=O)O)c2C(=O)O)c1C(=O)O,-162.3042
CO[C@H]1[C@@H](O)[C@@H](O[C@@H]1[C@@H](O[C@H]1OC(=C[C@H](O)[C@@H]1O)C(=O)NCCc1ccc(OC)c(OC)c1)C(N)=O)n1ccc(=O)[nH]c1=O,-162.2725
N=C1NCCN1CC(=O)N1C[C@@H]2COC[C@H](C1)[C@@H]2NC(=O)c1cc(O)nc(O)c1,-162.1998
CO[C@H]1[C@@H](O)[C@@H](O[C@@H]1[C@@H](O[C@H]1OC(=C[C@H](O)[C@@H]1O)C(=O)Nc1ccc(Cl)cc1)C(N)=O)n1ccc(=O)[nH]c1=O,-162.1691
O=C(Cn1ccnn1)N1CCO[C@@]2(COCCN(C(=O)c3cnc(O)nc3O)C2)C1,-161.9971
O=C(O)c1cc(C(=O)N2C[C@@H]3COC[C@H](C2)[C@@H]3NC(=O)c2c[nH]c(=O)cn2)ncn1,-161.9479
O=C(CNC(=O)c1ccco1)N[C@@H]1[C@H]2COC[C@@H]1CN(C(=O)c1c[nH]c(=O)cn1)C2,-161.9378
CC=1C=CC=2C(=CNC2C1)C3=CCN(CC3)C(=O)C(=O)NC=4C=CC=5NN=C(C(N)=O)C5C4,-161.788
NC(=O)CC[C@H](N)C(=O)N1C[C@@H]2COC[C@H](C1)[C@@H]2NC(=O)CCc1nc(N)n[nH]1,-161.7386
COC=1C=CC=2C(=NC=NC2C1)NCCCC=3C=CC=4C(=O)N(C(=O)C4C3)C5CCC(=O)NC5=O,-161.7212
CN(CC(=O)N[C@@H]1[C@H]2COC[C@@H]1CN(C(=O)CC(F)(F)C(=O)O)C2)C(=O)C(=O)O,-161.698
Cc1nccc(C(=O)N2CCOC[C@@]3(CN(C(=O)CC[C@@H](N)C(N)=O)CCO3)C2)n1,-161.6906
O=C(NCCNS(=O)(=O)c1ccc(F)cc1F)c1cn(CCO)c(=O)nc1O,-161.6868
CCc1[nH]nc(C(=O)N2CCO[C@@]3(COCCN(C(=O)Cn4cnnn4)C3)C2)c1F,-161.6828
Cc1cn(CC(=O)N2C[C@@H]3COC[C@H](C2)[C@@H]3NC(=O)c2cc(O)no2)c(=O)nc1O,-161.3407
C[C@H](C(=O)N1CCO[C@]2(COCCN(C(=O)c3ccc(O)nn3)C2)C1)n1cnnn1,-161.243
O=C(CCn1ccnn1)N[C@@H]1[C@H]2COC[C@@H]1CN(C(=O)c1cnc(O)nc1O)C2,-161.1834
O=C(N[C@@H]1CO[C@H](Cn2c(=O)nc(O)c3ccccc32)[C@@H](O)[C@H]1O)c1ncccn1,-161.1558
CNC(=O)[C@@H]1CN(c2nnc([C@@H]3CCC(=O)N3)n2CC2(O)CCOCC2)CCO1,-160.8938
Cn1cnc2c1c(=O)n(CCCOC(=O)Cn1[nH]cc3c(=O)ncnc1-3)c(=O)n2C,-160.8073
O=C1CN(CC(=O)N2CC[C@H]3CO[C@@H](CNC(=O)c4ccnnc4O)[C@H]3C2)C(=O)N1,-160.8072
COC[C@@H](Cc1ccccc1)NC(=O)C(=O)N1CCN(C(=O)Cn2cnnn2)CC1,-160.7674
COC[C@H](NC(C)=O)C(=O)N[C@@H]1[C@H]2COC[C@@H]1CN(C(=O)c1cc(OC)nn1C)C2,-160.6487
COC=1C=CC(OC)=C(C1)S(=O)(=O)NC=2C(=O)N(C=3C=CC=CC3)N(C)C2C,-160.548
CNC(=O)[C@H](CC1=CNC=2C=CC=CC12)NC(=O)C3=NNC=4CCN(CC34)C(=O)OC(C)(C)C,-160.4438
CO[C@H]1[C@@H](O)[C@@H](O[C@@H]1[C@@H](O[C@H]1OC(=C[C@H](O)[C@@H]1O)C(=O)Nc1nccs1)C(N)=O)n1ccc(=O)[nH]c1=O,-160.1587
CO[C@H]1[C@@H](OC)[C@H](n2ccc(=O)[nH]c2=O)O[C@@H]1[C@@H](O[C@@H]1OC(C(=O)NCCSSCCNC(C)=O)=C[C@@H](O)[C@H]1O)C(N)=O,-160.0635
CC(C)[C@H](NC(=O)N[C@H](C(=O)N[C@H](C(=O)NCCCN[C@@H](CC[C@H]1O[C@@H](n2ccc(=O)[nH]c2=O)[C@H](O)[C@@H]1O)C(=O)O)[C@@H](O)C(C)C)[C@@H]1CCNC(=N)N1)C(=O)O,-160.0628
CC(C)(C(N)=O)N1CCN(C(=O)C(=O)N[C@@H]2CCCN(c3ncccn3)C2)CC1,-160.0031
O=C(O)C#CC(=O)N1CCOC[C@@]2(C1)CN(C(=O)c1nc[nH]c1[N+](=O)[O-])CCO2,-159.8831
CO[C@H]1[C@@H](O)[C@@H](O[C@@H]1[C@@H](O[C@H]1OC(=C[C@H](O)[C@@H]1O)C(=O)Nc1ccc(F)c(F)c1)C(N)=O)n1ccc(=O)[nH]c1=O,-159.8494
NC(=O)c1nccnc1C(=O)N[C@@H]1[C@H]2COC[C@@H]1CN(C(=O)c1cc(O)no1)C2,-159.8301
CO[C@H]1[C@@H](O)[C@@H](O[C@@H]1[C@@H](O[C@H]1OC(=C[C@H](O)[C@@H]1O)C(=O)Nc1ccc(C)cc1)C(N)=O)n1ccc(=O)[nH]c1=O,-159.8282
COC=1C=CC=C(C1)C2=NOC(=N2)C(C)NC(=O)C3=CC=CC(=C3)OCC(=O)O,-159.7955
Nc1n[nH]c(CCC(=O)N2C[C@@H]3COC[C@H](C2)[C@@H]3NC(=O)c2cnc(O)nc2O)n1,-159.6101
O=C(Nc1cccnc1)C(=O)N1CCCC12CN(C(=O)c1cc(=O)n3[nH]nnc3n1)C2,-159.5705
CN(C)C(=O)Cn1nc2n(c1=O)CCN(C(=O)c1cnc3c(c1)NC(=O)CO3)C2,-159.5491
O=C(N[C@@H]1[C@H]2COC[C@@H]1CN(C(=O)CN1C(=O)C=CC1=O)C2)c1c[nH]c(=O)cn1,-159.5178
O=C(O)c1cnncc1C(=O)N1CCO[C@@]2(CCN(C(=O)[C@@H]3C[C@H](O)CN3)C2)C1,-159.4987
COC(=O)[C@@H](CC(=O)N1CCCC12CN(C(=O)C(O)O)C2)NC(=O)OC(C)(C)C,-159.4756
O=C(N[C@@H]1[C@H]2COC[C@@H]1CN(C(=O)c1c[nH]c(=O)cn1)C2)c1cnc(O)nc1O,-159.4097
O=C(Cn1cncn1)Nc1cc([C@@H]2CCCCN2C(=O)CN(CCO)CCO)[nH]n1,-159.381
Cc1c(C(=O)OCC(=O)N2CCCC[C@@H]2C(N)=O)cnc2c1c(=O)n(C)c(=O)n2C,-159.377
NC[C@H]1O[C@@H](O[C@@H](Cc2cn(CCCCCCCCCCOc3ccc(C(=O)c4ccccc4)cc3)nn2)[C@H]2O[C@@H](n3ccc(=O)[nH]c3=O)[C@H](O)[C@@H]2O)[C@H](O)[C@@H]1O,-159.321
O=C1C[C@@H](C(=O)N2C[C@@H]3COC[C@H](C2)[C@@H]3NC(=O)c2cc(C(=O)O)ncn2)CCN1,-159.3055
O=C(NCC=1C=CC=2CN(C(=O)C2C1)C3CCC(=O)NC3=O)C4=CNN=C4C=5C=CC(F)=CC5,-159.3038
O=C(CNC(=O)c1cccs1)N[C@@H]1[C@H]2COC[C@@H]1CN(C(=O)Cn1cnnn1)C2,-159.2476
O=C(/C=C/c1cnccn1)N[C@@H]1[C@H]2COC[C@@H]1CN(C(=O)CN(CCO)CCO)C2,-159.0849
O=C(C[C@H]1NC(=O)NC1=O)N[C@@H]1[C@H]2COC[C@@H]1CN(C(=O)c1cnc(O)nc1O)C2,-159.0745
Cn1nncc1C(=O)N1CCOC[C@]2(C1)CN(C(=O)[C@@H]1CCC(=O)NC1)CCO2,-159.0646
O=C1CC(C(=O)N2CC[C@@]3(C2)CN(C(=O)c2cc(=O)n4[nH]nnc4n2)CCO3)=NN1,-159.0255
CCC1=NN=NN1C=2C=CC=CC2NC(=O)C=3C=CC=4C(C)=NN(C=5C=CC=CC5)C4N3,-158.9885
CCc1ccc(NC(=O)C2=C[C@H](O)[C@H](O)[C@@H](O[C@H]([C@H]3O[C@H]([C@H](O)[C@@H]3OC)n3ccc(=O)[nH]c3=O)C(N)=O)O2)cc1,-158.9825
N#C[C@H](C(=O)CN1C(=O)[C@H]2[C@H]3C=C[C@@H](C3)[C@H]2C1=O)C(=O)N1CCS(=O)(=O)CC1,-158.9477
Cc1nnc(N2CCC[C@H](n3cnc(C(N)=O)n3)C2)n1CC(=O)N1CCOCC1,-158.8875
O=C1CC[C@@H](NC(=O)C(=O)N2CCN(C(=O)Cn3cnnn3)CC2)C2(CCC2)N1,-158.8682
O=C(N[C@@H]1[C@H]2COC[C@@H]1CN(C(=O)CN1C(=O)CNC1=O)C2)c1cnc(O)nc1O,-158.6855
O=C1C[C@H](C(=O)N2CCO[C@@]3(CCN(C(=O)COc4ccc(O)nn4)C3)C2)CN1,-158.6756
O=C1CN(CC(=O)N[C@@H]2[C@H]3COC[C@@H]2CN(C(=O)c2ccc(O)nn2)C3)C(=O)N1,-158.6642
O=C(NCc1cn2ccccc2n1)C(=O)N1CCN(C(=O)CN2CCOCC2)CC1,-158.5762
COC(=O)[C@H]1[C@@H](O)CCCN1C(=O)C(=O)Nc1ccn(CCN2CCOCC2)n1,-158.5671
O=C(NCCS(=O)(=O)NC1CCCCC1)NC=2C=CN(N2)C3CCNC3=O,-158.541
COC=1C=C(C=C(C1)OC)NC2CCCN(C2)C=3N=CN=C4C3N=NN4C,-158.4517
C[C@@H](C(=O)N[C@@H]1[C@H]2COC[C@@H]1CN(C(=O)c1cnc(O)nc1O)C2)n1ccnn1,-158.4114
CC=1C=CC(NC(=O)CN2N=NC(=N2)C=3C=CC=CC3)=C(C1)C4=NC(=NN4)C5CC5,-158.3982
O=C1C[C@@H](C(=O)N2CC[C@]3(CN(C(=O)c4cc(=O)n5[nH]nnc5n4)CCO3)C2)CN1,-158.3794
Nc1n[nH]c(CCC(=O)N2C[C@@H]3COC[C@H](C2)[C@@H]3NC(=O)c2n[nH]cc2[N+](=O)[O-])n1,-158.3574
O=C(Cn1cncn1)N[C@@H]1[C@H]2COC[C@@H]1CN(C(=O)CNC(=O)c1cccnc1)C2,-158.3433
O=C1CC(C(=O)N2CC[C@@]3(C2)CN(C(=O)c2cc(C(=O)O)ncn2)CCO3)=NN1,-158.2161
NC(=O)c1nccnc1C(=O)N[C@@H]1[C@H]2COC[C@@H]1CN(C(=O)Cc1cnccn1)C2,-158.1346
COc1cccc(C(=O)N2CCOC[C@]3(CN(C(=O)CNC(N)=O)CCO3)C2)n1,-158.0944
CO[C@H]1[C@@H](O)[C@@H](O[C@@H]1[C@@H](O[C@H]1OC(=C[C@H](O)[C@@H]1O)C(=O)Nc1nc(cs1)C(C)(C)C)C(N)=O)n1ccc(=O)[nH]c1=O,-158.0814
O=C(N[C@@H]1[C@H]2COC[C@@H]1CN(C(=O)c1ccnnc1)C2)c1cc(=O)n2[nH]nnc2n1,-158.0084
Cn1nc(C2CC2)cc1C(=O)N[C@@H]1CO[C@H](Cn2cc(F)c(=N)nc2O)[C@@H](O)[C@H]1O,-157.9759
N#CC=1C(=NNC1NC(=O)C=2C=CC=CC2S(=O)(=O)N3CCCCC3)N4CCOCC4,-157.9695
O=C(c1cc(O)cc([N+](=O)[O-])c1)N1CCOC[C@]2(C1)CN(C(=O)C(O)O)CCO2,-157.9646
CO[C@H]1[C@@H](O)[C@@H](O[C@@H]1[C@@H](O[C@@H]1OC(=C[C@@H](O)[C@H]1O)C(=O)N[C@H]1CCC[C@@H](C)NC1=O)C(N)=O)n1ccc(=O)[nH]c1=O,-157.9341
NC(=O)[C@@H](N)CCC(=O)N1CCO[C@]2(CCN(C(=O)c3ccc([N+](=O)[O-])[nH]3)C2)C1,-157.8916
O=C(N[C@@H]1[C@H]2COC[C@@H]1CN(C(=O)[C@@H]1C[C@H](O)CN1)C2)c1nc2ncccn2n1,-157.7878
C[C@H](C(=O)N1CCOC[C@@]2(CN(C(=O)c3cc(O)no3)CCO2)C1)n1cnnn1,-157.7806
C[C@@H](NS(=O)(=O)c1ccc(C(N)=O)cc1)C(=O)OCCCN1C(=O)CNC1=O,-157.7485
O=C(N[C@@H]1[C@H]2COC[C@@H]1CN(C(=O)c1cnc(O)nc1O)C2)c1cnc(O)nc1O,-157.6974
O=C1CC(C(=O)N2CCOC[C@@]3(CN(C(=O)Cn4ccncc4=O)CCO3)C2)=NN1,-157.6835
O=C1NC(=O)[C@H](CC(=O)N2CCCC[C@@H]2C2CCN(C(=O)Cn3cnnn3)CC2)N1,-157.6281
O=C(CCc1cn[nH]c1)N[C@@H]1[C@H]2COC[C@@H]1CN(C(=O)C[C@@H]1NC(=O)NC1=O)C2,-157.6101
O=C(CN1C(=O)CNC1=O)N[C@@H]1[C@H]2COC[C@@H]1CN(C(=O)c1cc(CO)on1)C2,-157.5541
CO[C@H]1[C@@H](O)[C@H](n2ccc(=O)[nH]c2=O)O[C@@H]1[C@@H](O[C@@H]1OC(C(=O)N[C@H]2CSC[C@@H](C)NC2=O)=C[C@@H](O)[C@H]1O)C(N)=O,-157.536
CC(C)(C)C(NC(=O)C=1C=CC(=CC1)C=2C=CC=CC2)C3=NC(=NO3)C4=NN=CN4,-157.4547
O=C1CC[C@@H](C(=O)N2C[C@@H]3COC[C@H](C2)[C@@H]3NC(=O)c2cc(=O)n3[nH]nnc3n2)N1,-157.3824
COC[C@H](NC(C)=O)C(=O)N1CC[C@]2(CN(C(=O)CCc3nc(N)n[nH]3)CCO2)C1,-157.2951
CN1N=C(C(=O)N[C@@H]2[C@H]3COC[C@@H]2CN(C(=O)c2cc(O)ncn2)C3)CCC1=O,-157.2617
CN[C@H](CC(=O)NC[C@@H]1CCN(C(=O)Cn2cnnn2)[C@H]1c1cccnc1)C(=O)O,-157.232
O=C(CCCn1ccnc1)N[C@@H]1[C@H]2COC[C@@H]1CN(C(=O)C[C@@H]1NC(=O)NC1=O)C2,-157.1773
O=C1COC[C@@H](C[C@H]2CN(C(=O)C(=O)N3C[C@H](O)C[C@H]3CO)c3ccccc32)N1,-157.0807
CO[C@H]1[C@@H](O)[C@@H](O[C@@H]1[C@@H](O[C@H]1OC(=C[C@H](O)[C@@H]1O)C(=O)NCCc1cccs1)C(N)=O)n1ccc(=O)[nH]c1=O,-157.0754
Cn1ncnc1C(=O)N1CCO[C@]2(CCN(C(=O)COc3ccc(O)nn3)C2)C1,-157.0534
N=C1NCCN1CC(=O)N[C@@H]1[C@H]2COC[C@@H]1CN(C(=O)c1nccnc1C(N)=O)C2,-157.0481
O=C(N[C@@H]1[C@H]2COC[C@@H]1CN(C(=O)CCn1cncn1)C2)c1cnc(O)nc1O,-157.0418
O=C(CN(CCO)CCO)N[C@@H]1[C@H]2COC[C@@H]1CN(C(=O)c1cc(=O)cco1)C2,-157.006
O=C(N[C@@H]1[C@H]2COC[C@@H]1CN(C(=O)c1cc(=O)n3[nH]nnc3n1)C2)c1cc(F)c[nH]1,-156.9548
C[C@H](NS(C)(=O)=O)c1nnc(N2CC(=O)N(C)C[C@@H]2C)n1C[C@]1(O)CCOC1,-156.7999
O=C(CN(CCO)CCO)Nc1cc([C@@H]2CCCCN2C(=O)Cn2cncn2)[nH]n1,-156.7464
Cc1cn(CC(=O)N2C[C@@H]3COC[C@H](C2)[C@@H]3NC(=O)c2cccnn2)c(=O)nc1O,-156.7102
C=CCN1C(=O)C(=O)N(CC(=O)OCC(=O)c2c(N)n(C)c(=O)n(C)c2=O)C1=O,-156.6485
O=C(N[C@@H]1[C@H]2COC[C@@H]1CN(C(=O)c1cc(=O)n3[nH]nnc3n1)C2)c1cnco1,-156.5659
O=C(c1cc(O)nc(O)n1)N1CCOC[C@]2(C1)CN(C(=O)c1cnc(O)[nH]1)CCO2,-156.5592
CO[C@@H]1[C@H](O)[C@@H](CN)O[C@H]1O[C@@H]([C@H](NCCCNC(=O)[C@@H](NC(=O)[C@@H](NC(=O)N[C@@H](C(C)C)C(O)=O)[C@@H]1CCNC(=N)N1)[C@@H](O)C(C)C)C(O)=O)[C@H]1O[C@H]([C@H](O)[C@@H]1O)n1ccc(=O)[nH]c1=O,-156.4979
O=C(c1cc(CO)on1)N1CCO[C@@]2(COCCN(C(=O)c3cnc(O)[nH]3)C2)C1,-156.4935
Cn1nncc1C(=O)N1CCOC[C@@]2(CN(C(=O)CN3CCNC3=N)CCO2)C1,-156.4908
CO[C@H]1[C@@H](O)[C@@H](O[C@@H]1[C@@H](O[C@H]1OC(=C[C@H](O)[C@@H]1O)C(=O)Nc1cccc(C)c1)C(N)=O)n1ccc(=O)[nH]c1=O,-156.4851
Cn1cc(C(=O)N[C@@H]2[C@H]3COC[C@@H]2CN(C(=O)c2cc(=O)n4[nH]cnc4n2)C3)cn1,-156.4783
CN1N=C(C(=O)N2CCOC[C@]3(C2)CN(C(=O)[C@@H]2CNC(=O)C2)CCO3)CCC1=O,-156.4424
NC[C@H]1O[C@@H](O[C@@H](Cn2cc(CCCCCCCCOc3ccc(C(=O)c4ccccc4)cc3)nn2)[C@H]2O[C@@H](n3ccc(=O)[nH]c3=O)[C@H](O)[C@@H]2O)[C@H](O)[C@@H]1O,-156.3617
COC[C@@H](NC(C)=O)C(=O)N[C@H]1CCc2nc(NC(=O)Cn3cnnn3)sc2C1,-156.2761
CC[C@@H](O)C(=O)NC[C@@H]1OC[C@@H]2CCN(C(=O)c3cc4n(n3)CCNC4=O)C[C@@H]21,-156.2702
O=C([C@@H]1C[C@@H]2O[C@H]1[C@H]1C[C@@H]21)N1C[C@@H](O)[C@H](NC(=O)C2(n3cnnn3)CCOCC2)C1,-156.2101
NC(=O)c1nccnc1C(=O)N1C[C@@H]2COC[C@H](C1)[C@@H]2NC(=O)CC[C@@H](N)C(N)=O,-156.1872
O=C(Cn1cnnn1)NC[C@@H]1OC[C@@H]2CCN(C(=O)CNC(=O)c3ccco3)C[C@@H]21,-156.1405
Nc1ncnc2c1ncn2[C@@H]1O[C@H](C(=O)NCCCC[C@H](N)C(=O)O)[C@@H](O)[C@H]1O,-156.1285
NC(=O)[C@@H](N)CCC(=O)N[C@@H]1[C@H]2COC[C@@H]1CN(C(=O)c1cccc(=O)n1O)C2,-156.1083
O=C(Cn1cnnn1)N1CCN(C(=O)[C@@H]2CC(=O)N(CCN3CCOCC3)C2)CC1,-156.1064
CCOC(=O)C1(C(=O)N[C@@H]2[C@H]3COC[C@@H]2CN(C(=O)CN2CC(=O)NC2=O)C3)CC1,-156.0694
C[C@H](Nc1cccc(C(=O)N(C)CC(N)=O)c1)C(=O)c1c(N)n(C)c(=O)n(C)c1=O,-156.0072
O=C(c1c[nH]c(=O)cn1)N1CCO[C@]2(COCCN(C(=O)c3ccnnc3O)C2)C1,-155.9649
NC(=O)[C@H](N)CCC(=O)N1C[C@@H]2COC[C@H](C1)[C@@H]2NC(=O)[C@H](N)c1ccccn1,-155.9571
O=C(N[C@@H]1[C@H]2COC[C@@H]1CN(C(=O)c1cc(=O)n3[nH]nnc3n1)C2)c1cnc(O)[nH]1,-155.9552
Cc1cc(=O)oc2cc(O[C@@H]3O[C@H]([C@H](O)[C@H](O)[C@H](O)C(=O)O)[C@H](O)CC3=O)ccc12,-155.9475
CCOC(=O)C[C@@H](CO)NC(=O)[C@@H](C)NS(=O)(=O)c1ccc(C(N)=O)cc1,-155.9026
Cn1nncc1C(=O)N1CCO[C@]2(COCCN(C(=O)c3n[nH]cc3[N+](=O)[O-])C2)C1,-155.8805
Cc1cc(C(=O)N2CCOC[C@@]3(CN(C(=O)CC[C@H](N)C(N)=O)CCO3)C2)on1,-155.8644
O=C(CNC(=O)C(F)(F)F)N1CCOC[C@]2(C1)CN(C(=O)c1nc[nH]n1)CCO2,-155.8201
Nc1n[nH]c(CCC(=O)N2C[C@@H]3COC[C@H](C2)[C@@H]3NC(=O)c2cccc(=O)n2O)n1,-155.7722
O=C(c1cc(=O)n2[nH]nnc2n1)N1CCO[C@@]2(CCN(C(=O)[C@H]3CCCOC3)C2)C1,-155.741
CC1=NN(C=C1CNC(=O)C=2C=C(N=C3C=CC=CC23)C=4C=CN=CC4)C=5C=CC=CC5,-155.7313
CCN1CCN(CC(=O)N[C@@H](Cc2ccccc2)C(=O)NCCC(N)=O)C(=O)C1=O,-155.6722
CC(=O)OC[C@@H](OC(C)=O)C(=O)N1CC2(CCCN2C(=O)[C@@H](C)n2cnnn2)C1,-155.6435
COc1ncccc1C(=O)N[C@@H]1[C@H]2COC[C@@H]1CN(C(=O)C[C@H]1NC(=O)NC1=O)C2,-155.5956
CO[C@H]1C[C@H](C2=NC(C)=NO2)N(C1)C(=O)C=3C=CC=C4OCCOC34,-155.5455
NC(=O)[C@H](N)CCC(=O)N1CCOC[C@]2(C1)CN(C(=O)C(=O)c1ccco1)CCO2,-155.5232
O=C(Cn1cnnn1)N1CCOC[C@]2(C1)CN(C(=O)c1ccc(O)cn1)CCO2,-155.4866
Cc1cc(CC(=O)N[C@@H]2[C@H]3COC[C@@H]2CN(C(=O)C[C@H]2NC(=O)NC2=O)C3)on1,-155.4842
O=C1C=CC(=O)N1CCC(=O)N1CC[C@H]2[C@@H]1CCN2C(=O)CN(CCO)CCO,-155.4594
Cc1cn([C@H]2C[C@H](O)[C@H](CO[P@@](=O)(O)OP(=O)(O)O)O2)c(=O)[nH]c1=O,-155.4579
O=C(NCCNC(=O)c1cnccn1)C(=O)N1CCN(C(=O)[C@H]2CCCO2)CC1,-155.4483
Cc1c(C(=O)N[C@@H]2[C@H]3COC[C@@H]2CN(C(=O)CNC(N)=O)C3)cn2[nH]cnc(=O)c12,-155.4271
Cc1onc(-c2ccncn2)c1C(=O)N1C[C@@H]2COC[C@H](C1)[C@@H]2NC(=O)[C@@H](N)CN,-155.4206
C[C@@H](C(=O)N1CC[C@H]2CO[C@@H](CNC(=O)CCn3cncn3)[C@H]2C1)n1cnnn1,-155.4186
O=C(N[C@@H]1[C@H]2COC[C@@H]1CN(C(=O)CN(CCO)CCO)C2)c1ccc(F)cn1,-155.393
C[C@H](C(=O)NC[C@@]12CCCO[C@@H]1CCN(C(=O)CC[C@@H](N)C(N)=O)C2)n1cncn1,-155.3748
C[C@@H](C(=O)N1CC[C@H]2CO[C@@H](CNC(=O)C[C@H]3NC(=O)NC3=O)[C@H]2C1)n1cnnn1,-155.3687
O=C(CN1C(=O)CNC1=O)N1CCO[C@@]2(COCCN(C(=O)[C@H]3CCCCO3)C2)C1,-155.3532
NC[C@H](N)C(=O)NC1CCN(C2CCN(C(=O)COc3ccc(O)nn3)CC2)CC1,-155.3526
Cc1nnc(CC(=O)N2CCOC[C@@]3(C2)CN(C(=O)[C@H](C)n2cnnn2)CCO3)o1,-155.3476
COc1cnc(C(=O)N2C[C@@H]3COC[C@H](C2)[C@@H]3NC(=O)CC[C@@H](N)C(N)=O)cn1,-155.2662
CC(C)C[C@H](NC(=O)[C@@H](NC(=O)N[C@@H](C(C)C)C(O)=O)[C@@H]1CCN=C(N)N1)C(=O)NCCCN[C@@H]([C@H](O[C@@H]1O[C@H](CN)[C@@H](O)[C@H]1O)[C@H]1O[C@H]([C@H](O)[C@@H]1O)n1ccc(=O)[nH]c1=O)C(O)=O,-155.262
CC[C@H](C)[C@H](NS(C)(=O)=O)C(=O)N1CCN(S(=O)(=O)c2nc[nH]n2)CC1,-155.232
Cc1cc(NC(=O)CN2CCN(C(=O)C(=O)NCCCn3ccnn3)CC2)no1,-155.2148
O=C(N[C@@H]1[C@H]2COC[C@@H]1CN(C(=O)c1cc(O)nc(O)n1)C2)c1cccc(=O)n1O,-155.1838
C[C@@H](Nc1cnccn1)C(=O)N1CC[C@]2(CN(C(=O)Cn3cnnn3)CCO2)C1,-155.1632
C[C@@H](C(=O)NC[C@@]12CCCO[C@@H]1CCN(C(=O)C1=NNC(=O)C1)C2)n1cnnn1,-155.1461
N[C@@H](Cc1cccnc1)C(=O)N1C[C@@H]2COC[C@H](C1)[C@@H]2NC(=O)Cn1cnnn1,-155.0866
O=C1CC[C@@H](C(=O)N2CCOC[C@@]3(CN(C(=O)c4cc(O)no4)CCO3)C2)CN1,-155.0833
CCNC(=S)NCC(=O)N1C[C@@H]2COC[C@H](C1)[C@@H]2NC(=O)c1cccc(=O)n1O,-155.0778
CO[C@H]1[C@@H](O)[C@@H](O[C@@H]1[C@@H](O[C@H]1OC(=C[C@H](O)[C@@H]1O)C(=O)N[C@H]1CCCCNC1=O)C(N)=O)n1ccc(=O)[nH]c1=O,-154.9835
CC[C@H](NC(N)=O)C(=O)NC[C@@H]1OC[C@@H]2CCN(C(=O)CN3CC(=O)NC3=O)C[C@@H]21,-154.9754
O=C(CN(CCO)CCO)N1CC2(CCCN2C(=O)c2ccc3nncn3c2)C1,-154.9431
Cn1c(=O)c2cc(C(=O)N3CCN(C(=O)Cn4cnnn4)CC3)cnc2n(C)c1=O,-154.9392
CO[C@@H]1[C@H](O)[C@@H](CN)O[C@H]1O[C@@H]([C@H](NCCCNC(=O)[C@@H](NC(=O)[C@@H](NC(=O)N[C@@H](C(C)C)C(O)=O)[C@@H]1CCNC(=N)N1)[C@@H](OC(=O)CCCCCCCCCCC(C)C)C(C)C)C(O)=O)[C@H]1O[C@H]([C@H](O)[C@@H]1O)n1ccc(=O)[nH]c1=O,-154.9001
O=C(N[C@@H]1[C@H]2COC[C@@H]1CN(C(=O)c1cc(=O)n3[nH]cnc3n1)C2)c1cccnn1,-154.8949
COC[C@@H](NC(C)=O)C(=O)N1CCO[C@]2(COCCN(C(=O)c3cnc(C)[nH]3)C2)C1,-154.8919
O=C(CSc1nc[nH]n1)N[C@@H]1[C@H]2COC[C@@H]1CN(C(=O)CN1C(=O)CNC1=O)C2,-154.8704
COC(=O)[C@@H](C)S(=O)(=O)NC(=O)CCC(=O)N1CCN(c2ncccn2)CC1,-154.8468
CO[C@H]1[C@@H](O)[C@@H](O[C@@H]1[C@@H](O[C@H]1OC(=C[C@H](O)[C@@H]1O)C(=O)NCCc1ccc(Cl)cc1Cl)C(N)=O)n1ccc(=O)[nH]c1=O,-154.7812
COC[C@@H](NC(C)=O)C(=O)N1C[C@@H]2COC[C@H](C1)[C@@H]2NC(=O)[C@H](C)n1cnnn1,-154.7762
Cn1c(N)c(C(=O)COC(=O)Cc2csc(-c3nc[nH]n3)n2)c(=O)n(C)c1=O,-154.7665
CN(C)CC1CCN(CC1)C=2C=CC=CC2NC(=O)C=3N=CN(N3)C=4N=CC=CC4F,-154.7663
O=C(N[C@@H]1[C@H]2COC[C@@H]1CN(C(=O)c1cc(=O)n3[nH]nnc3n1)C2)c1ccno1,-154.7056
"O=C(N[C@@H]1CC(CN2C=CC=N2)C[C@H]1O)C=3C=CN(N3)C=4C=CN=CC4 |&1:3,13,r|",-154.6331
NC(=O)CC[C@@H](C(=O)NCCN1CCNC(=O)C1)N1C(=O)c2ccccc2C1=O,-154.5998
COC(=O)NCC(=O)N[C@@H]1[C@H]2COC[C@@H]1CN(C(=O)c1nc3ncccn3n1)C2,-154.5418
CN[C@H](CC(=O)N1C[C@@H]2COC[C@H](C1)[C@@H]2NC(=O)CCN1C(=O)C=CC1=O)C(=O)O,-154.4882
O=C(c1c[nH]c(=O)cn1)N1CC[C@@]2(C1)CN(C(=O)[C@H](O)N1CCOCC1)CCO2,-154.4846
O=C(N[C@@H]1[C@H]2COC[C@@H]1CN(C(=O)c1cncnc1)C2)c1cc(=O)n2[nH]nnc2n1,-154.4799
O=C1C[C@@H](C(=O)N[C@@H]2[C@H]3COC[C@@H]2CN(C(=O)COc2cccnn2)C3)CCN1,-154.4578
O=C(N[C@@H]1[C@H]2COC[C@@H]1CN(C(=O)CN1C(=O)CNC1=O)C2)c1ccc(O)nn1,-154.4525
O=C1CC[C@@H](C(=O)N2CCOC[C@@]3(CN(C(=O)c4cc(CO)on4)CCO3)C2)CN1,-154.4447
N[C@H](C(=O)N1CCOC[C@@]2(CN(C(=O)c3nc[nH]n3)CCO2)C1)c1ccccn1,-154.3911
O=C(NC1CCN(C2CCN(C(=O)C(O)O)CC2)CC1)c1cc(=O)n2[nH]cnc2n1,-154.3789
O=C(Cn1cnnn1)N1CCO[C@@]2(CCN(C(=O)c3nc4ccc(F)cn4n3)C2)C1,-154.3648
CN1N=C(C(=O)N[C@@H]2[C@H]3COC[C@@H]2CN(C(=O)C[C@@H]2NC(=O)NC2=O)C3)CCC1=O,-154.2927
CC(C)n1cnc(C(=O)N[C@@H]2[C@H]3COC[C@@H]2CN(C(=O)CN2C(=O)C=CC2=O)C3)n1,-154.2773
O=C(O)c1cnncc1C(=O)N[C@@H]1[C@H]2COC[C@@H]1CN(C(=O)c1c[nH]c(=O)cn1)C2,-154.2549
O=C1CC[C@@H](C(=O)N2C[C@@H]3COC[C@H](C2)[C@@H]3NC(=O)c2cc(C(=O)O)ncn2)N1,-154.2452
O=C(COc1ccc(O)nn1)NC[C@@H]1OC[C@@H]2CCN(C(=O)Cn3cncn3)C[C@@H]21,-154.2104
CO[C@H]1[C@@H](O)[C@@H](O[C@@H]1[C@@H](O[C@H]1OC(=C[C@H](O)[C@@H]1O)C(=O)Nc1cccc(F)c1)C(N)=O)n1ccc(=O)[nH]c1=O,-154.172
O=C(CCN1C(=O)C=CC1=O)N1CCO[C@]2(CCN(C(=O)c3c[nH]c(=O)cn3)C2)C1,-154.1225
N[C@@H](C(=O)N[C@@H]1[C@H]2COC[C@@H]1CN(C(=O)C[C@H]1NC(=O)NC1=O)C2)c1ccccn1,-154.1072
Cn1c(N)c(C(=O)COC(=O)CNC(=O)COc2ccccc2)c(=O)n(C)c1=O,-154.0521
Cc1ocnc1C(=O)N[C@@H]1[C@H]2COC[C@@H]1CN(C(=O)CNCP(=O)(O)O)C2,-154.0416
O=C(Cn1cnnn1)N1CCO[C@@]2(COCCN(C(=O)c3ccncc3O)C2)C1,-154.005
NC(=O)NCC(=O)N1CC[C@@]2(C1)CN(C(=O)c1cccc3c1NC(=O)C3=O)CCO2,-153.943
N[C@H](CC(=O)N1C[C@@H]2COC[C@H](C1)[C@@H]2NC(=O)C1=NNC(=O)C1)c1cccnc1,-153.9396
O=C(Cn1cnnn1)N1CCO[C@@]2(COCCN(C(=O)c3cnc(O)nc3O)C2)C1,-153.8661
NC(=O)c1ncccc1C(=O)N1CC[C@H]2CO[C@@H](CNC(=O)[C@H]3CNC(=O)C3)[C@H]2C1,-153.8428
C[C@@H](C(=O)N1CCCC12CN(C(=O)CN1C(=O)CNC1=O)C2)[C@H]1SC(=N)NC1=O,-153.8276
C[C@@H]1C(=O)O[C@H]2[C@H](O)[C@]34[C@H]5C[C@H](C(C)(C)C)[C@]36[C@@H](OC(=O)[C@@H]6O)O[C@@]4(C(=O)O5)[C@@]12O,-153.792
CN(CC(=O)N1CC[C@H](CNC(=O)CNC(=N)N)[C@@H]1c1cccnc1)C(=O)C(=O)O,-153.7322
O=C(C[C@H]1NC(=O)NC1=O)N[C@@H]1[C@H]2COC[C@@H]1CN(C(=O)C[C@@H]1NC(=O)NC1=O)C2,-153.7293
C[C@@H](C(=O)N1CCOC[C@@]2(CN(C(=O)CCn3cncn3)CCO2)C1)n1cnnn1,-153.7116
Nc1nc2c(nc(NOCc3ccccc3)n2[C@@H]2O[C@H](CO)[C@@H](O)[C@@H]2O)c(=O)[nH]1,-153.6436
O=C(CCN1C(=O)C=CC1=O)N[C@@H]1[C@H]2COC[C@@H]1CN(C(=O)Cn1ccnn1)C2,-153.6271
O=C(CSc1nc[nH]n1)N1CCOC[C@@]2(C1)CN(C(=O)c1nc[nH]n1)CCO2,-153.6187
CC1=CC=CN2C=C(COC=3C=CC=CC3C(=O)NC=4C=CC=C(C4)C(=O)NCC(N)=O)N=C12,-153.5368
Cc1cnn([C@H](C)C(=O)N[C@@H]2[C@H]3COC[C@@H]2CN(C(=O)CN2CC(=O)NC2=O)C3)c1,-153.5281
Nc1n[nH]c(CCC(=O)N2CCOC[C@@]3(C2)CN(C(=O)c2cc(O)n[nH]2)CCO3)n1,-153.4624
O=C(Nc1cnn(CC(F)(F)F)c1)C(=O)N1CCN(C(=O)Cn2cnnn2)CC1,-153.4596
O=C(CCN1CCOCC1)N[C@@H]1[C@H]2COC[C@@H]1CN(C(=O)c1cnc(O)nc1O)C2,-153.4503
C/C(=C/C(=O)N1CC[C@@]2(C1)CN(C(=O)c1cc(=O)n3[nH]nnc3n1)CCO2)C(=O)O,-153.4483
Nc1n[nH]c(CCC(=O)N2CCCC23CN(C(=O)c2cc(=O)n4[nH]nnc4n2)C3)n1,-153.4275
COC(=O)CCN1CC[C@H](NS(=O)(=O)c2cnc3nc(O)nc(O)c3c2)C1=O,-153.4265
CCc1cc(C(=O)N2C[C@@H]3COC[C@H](C2)[C@@H]3NC(=O)CN(C)C(=O)C(=O)O)nn1C,-153.414
Cc1ncc(S(N)(=O)=O)cc1C(=O)OCc1nc2c(=O)n(C)c(=O)n(C)c2[nH]1,-153.4009
O=C(CC1=CSC(=N1)C2=NN=CN2)N3CC(O)(C3)C4=CC=CC5=CC=CC=C45,-153.3941
CCOC(=O)CON=C(C(=O)N1CCN(C(=O)Cn2cnnn2)CC1)c1cc[nH]n1,-153.3857
O=C(Cn1ccncc1=O)N[C@@H]1[C@H]2COC[C@@H]1CN(C(=O)C[C@H]1NC(=O)NC1=O)C2,-153.3804
O=C1NC[C@@H](C(=O)N2CCO[C@@]3(COCCN(C(=O)Cn4ccccc4=O)C3)C2)O1,-153.3661
CN(C)c1cncc(C(=O)N2C[C@@H]3COC[C@H](C2)[C@@H]3NC(=O)[C@@H](N)CCC(N)=O)c1,-153.364
C[C@@H](NC=O)C(=O)N1CCO[C@@]2(COCCN(C(=O)c3ccccc3C(N)=O)C2)C1,-153.3484
O=C1CN(CC(=O)N[C@@H]2CCc3nc(NC(=O)Cn4cnnn4)sc3C2)C(=O)N1,-153.3472
O=C1C[C@H](C(=O)N2CC[C@]3(CN(C(=O)c4cnc(O)nc4O)CCO3)C2)CCN1,-153.3385
NC(=O)c1nccnc1C(=O)N1C[C@@H]2COC[C@H](C1)[C@@H]2NC(=O)c1ccc(O)nn1,-153.334
CN(CC(=O)N1CC[C@@H](CNC(=O)CNC(=N)N)[C@@H]1c1cccnc1)C(=O)C(=O)O,-153.3238
CN[C@@H](CC(=O)N1CCOC[C@@]2(C1)CN(C(=O)C(=O)c1ccco1)CCO2)C(=O)O,-153.3219
O=C(c1cc2n(n1)CCC2)N1CCO[C@@]2(CCN(C(=O)[C@@H](O)N3CCOCC3)C2)C1,-153.3023
O=C(C(O)O)N1CCOC[C@]2(C1)CN(C(=O)[C@@H]1CC(c3ccccc3)=NO1)CCO2,-153.2954
Cn1c(-c2ccc(-n3cnnn3)cc2)nnc1N1CCN(C(=O)Cn2cnnn2)CC1,-153.2888
Cn1cnc2c1c(=O)n(CCCOC(=O)c1ccc(S(N)(=O)=O)nc1)c(=O)n2C,-153.2406
O=C(CN1C(=O)CNC1=O)N1CCO[C@@]2(COCCN(C(=O)CC3(O)CCC3)C2)C1,-153.226
COC(=O)Cn1cc(CNS(=O)(=O)c2cnc3c(c2)c(O)nc(=O)n3C)nn1,-153.2214
N[C@@H](Cc1c(O)c[n+](CCCC[C@@H](N)C(=O)O)cc1CC[C@@H](N)C(=O)O)C(=O)O,-153.2189
N=C(N)NCC(=O)N1CCOC[C@]2(C1)CN(C(=O)Cn1cc([N+](=O)[O-])cn1)CCO2,-153.218
CN1N=C(C(=O)N[C@@H]2[C@H]3COC[C@@H]2CN(C(=O)[C@@H](N)CCC(N)=O)C3)CCC1=O,-153.2045
C[C@H](O)C(=O)NC[C@@H]1CCN(C(=O)c2cc(=O)n3[nH]nnc3n2)[C@H]1c1cccnc1,-153.1899
O=C(Cn1cnnn1)N[C@@H]1[C@H]2COC[C@@H]1CN(C(=O)C(F)(F)C(F)(F)C(=O)O)C2,-153.1354
O=C(c1cc(O)nc(O)n1)N1CCOC[C@@]2(C1)CN(C(=O)c1cnc[nH]1)CCO2,-153.116
CC(C(=O)NC=1C=CC=C(C1)C2=NN=NN2C)N3N=NC(=N3)C=4C=CC=CC4,-153.084
Cc1cc(C(=O)N2CCOC[C@@]3(CN(C(=O)C[C@H]4NC(=O)NC4=O)CCO3)C2)n[nH]1,-153.0699
CC(C)(O)CC(=O)N1CCOC[C@@]2(C1)CN(C(=O)c1nccnc1C(N)=O)CCO2,-152.9994
Cc1nn(C)c(C)c1C[C@@H](C)NC(=O)C(=O)N1CCN(C(=O)Cn2cnnn2)CC1,-152.9878
O=C(c1cc(O)nc(O)n1)N1CCOC[C@@]2(C1)CN(C(=O)c1cnc(O)[nH]1)CCO2,-152.9857
C[C@@H](C(=O)N1CC[C@@]2(CN(C(=O)CN3C(=O)CNC3=O)CCO2)C1)n1cncn1,-152.9356
CC1=CN(N=C1C(=O)NS(=O)(=O)C=2C=CC=3NC(=O)CCC3C2)C=4C(F)=CC=CC4F,-152.8897
NC(=O)CC[C@H](N)C(=O)N1CCO[C@@]2(COCCN(C(=O)c3cnccc3F)C2)C1,-152.8872
CN(CC(=O)N1CC[C@]2(CN(C(=O)CCc3cn[nH]c3)CCO2)C1)C(=O)C(=O)O,-152.8674
Cc1oncc1C(=O)N1CCOC[C@@]2(CN(C(=O)CC[C@H](N)C(N)=O)CCO2)C1,-152.8457
O=C(O)c1cc(C(=O)N[C@@H]2[C@H]3COC[C@@H]2CN(C(=O)Cn2ccnn2)C3)ncn1,-152.8099
O=C(c1c[nH]c(=O)cn1)N1CC[C@@]2(C1)CN(C(=O)c1cc(O)nc(O)n1)CCO2,-152.8075
O=C1CC(C(=O)N2CCOC[C@@]3(CN(C(=O)CSc4nc[nH]n4)CCO3)C2)=NN1,-152.8067
O=C(Cn1cnnn1)N1CCO[C@]2(COCCN(C(=O)c3cc(O)ncn3)C2)C1,-152.773
Cc1nc(CNC(=O)C(=O)N2CCN(C(=O)Cn3cnnn3)CC2)nc2ccccc12,-152.7691
Cc1nccn1CC(=O)N1CC[C@]2(CN(C(=O)CN3C(=O)CNC3=O)CCO2)C1,-152.7238
CO[C@H]1[C@@H](O)[C@@H](O[C@@H]1[C@@H](O[C@@H]1OC(=C[C@@H](O)[C@H]1O)C(=O)OC)C(N)=O)n1ccc(=O)[nH]c1=O,-152.7174
Cc1cc(C(=O)N2C[C@@H]3COC[C@H](C2)[C@@H]3NC(=O)c2cc(=O)n3[nH]nnc3n2)no1,-152.709
CNC(=O)[C@@H]1CN(C(=O)C(=O)NCc2ccc(CS(=O)(=O)NC)cc2)CCO1,-152.6612
CN1C[C@H](NC(=O)c2cc(S(=O)(=O)N(C)C)ccc2N2CCOCC2)C(=O)N1,-152.6605
Cc1noc(C)c1S(=O)(=O)NCC(=O)N1CCN(C(=O)Cn2cnnn2)CC1,-152.6597
CC(=O)N[C@H](C)C(=O)N1CCO[C@@]2(COCCN(C(=O)c3ccnnc3O)C2)C1,-152.5855
C=C1CCO[C@@]2([C@@H](O)[C@@](C)(O)COC(=O)c3ccccc3)NC(=O)[C@@]1(O)NC2=O,-152.5844
N[C@H]1[C@@H](O)O[C@H](CO)[C@@H](O[C@@H]2OC(C(=O)O)=C[C@H](O)[C@H]2OS(=O)(=O)O)[C@@H]1O,-152.5204
O=C1C[C@@H](C(=O)N[C@@H]2[C@H]3COC[C@@H]2CN(C(=O)COc2ccc(O)nn2)C3)CCN1,-152.4891
CNC(=O)[C@@H]1CN(C(=O)C(=O)Nc2ccc(C(=O)N3CCN(C)CC3)cc2)CCO1,-152.4837
O=C(CN1C(=O)C=CC1=O)N[C@@H]1[C@H]2COC[C@@H]1CN(C(=O)c1cc(O)ncn1)C2,-152.4567
CC(C)CN1N=C(C(=O)NCC2COC3=CC=CC=C3O2)C=4C=CC=CC4C1=O,-152.4274
NC(=O)C1=CC(=NN1)C(=O)NCC2CC3(CC3)CN2C(=O)C4=CN=C5NC=CC5=C4,-152.409
N=C1NCCN1CC(=O)N1C[C@@H]2COC[C@H](C1)[C@@H]2NC(=O)c1cc(O)nc(O)n1,-152.3918
O=C1CC[C@H](C(=O)N2CCOC[C@]3(CN(C(=O)c4cc[n+]([O-])cc4)CCO3)C2)N1,-152.3499
NC(=O)[C@H]1CC(C(=O)NCCOCCS(N)(=O)=O)=NN1c1ccc(F)cc1,-152.3498
CN1C(=CC=2C(=O)N(C)C(=O)N(C)C21)C(=O)NCCC3=NC(=O)ON3,-152.3458
C[C@@H](C(=O)N[C@@H]1[C@H]2COC[C@@H]1CN(C(=O)c1cnnn1C)C2)[C@H]1SC(=N)NC1=O,-152.3074
N=C(N)NCC(=O)N[C@@H]1CCc2nc(NC(=O)Cn3ccncc3=O)sc2C1,-152.3069
Cn1c(=O)c2c(ncn2CCOC(=O)c2ccc(S(N)(=O)=O)cn2)n(C)c1=O,-152.296
O=C(CCN1C(=O)C=CC1=O)N1CCOC[C@@]2(C1)CN(C(=O)c1nc[nH]n1)CCO2,-152.2956
C[C@H](C(=O)N1C[C@@H]2COC[C@H](C1)[C@@H]2NC(=O)CN(CCO)CCO)n1cccn1,-152.2874
C[C@H](C(=O)N1C[C@@H]2COC[C@H](C1)[C@@H]2NC(=O)c1cc(O)nc(O)c1)n1cnnn1,-152.2862
O=C(COc1ccc(O)nn1)N[C@@H]1[C@H]2COC[C@@H]1CN(C(=O)CN1CCCC1=O)C2,-152.2807
O=C(CCn1cc[nH]c(=O)c1=O)NCCNS(=O)(=O)c1ccccc1[N+](=O)[O-],-152.2031
C[C@H]1CN(c2nnc(CN3CCCC3=O)n2CCNS(C)(=O)=O)CC(=O)N1C,-152.2008
NC=1N=C(COC(=O)C=2C=NC=C(C2)C=3C=CC=CC3)N=C4C=CC=CC14,-152.1999
CN[C@@H](CC(=O)N[C@@H]1[C@H]2COC[C@@H]1CN(C(=O)c1ccc3nncn3c1)C2)C(=O)O,-152.1875
NC(=O)[C@H](N)CCC(=O)NC[C@@H]1OC[C@@H]2CCN(C(=O)c3cnc(O)nc3O)C[C@@H]21,-152.1636
O=C(NC=1C=CC(=O)N(C1)CCO)C=2C=NN3C(=CC=NC23)C4=CC=CN=C4,-152.1567
O=C(NCC(=O)N1CCN(S(=O)(=O)c2nc[nH]n2)CC1)c1ccc2c(c1)OCO2,-152.1416
O=C(c1cc(=O)n2[nH]cnc2n1)N1CC[C@H]2[C@@H]1CCN2C(=O)c1cccc(=O)n1O,-152.1378
C[C@@H](C(=O)N1CCO[C@]2(CCN(C(=O)COc3cccnn3)C2)C1)n1cnnn1,-152.1328
COC[C@@H](NC(C)=O)C(=O)N1CC[C@]2(CN(C(=O)c3ccnnc3O)CCO2)C1,-152.1149
NC[C@H](C(=O)N1CCO[C@@]2(COCCN(C(=O)CNC(N)=O)C2)C1)c1ccccc1,-152.1073
Cn1cc(S(=O)(=O)N[C@H](Cc2c[nH]c3cccnc23)C(=O)O)c(=O)n(C)c1=O,-152.0898
O=C(c1cc(=O)n2[nH]nnc2n1)N1CC2(CCCN2C(=O)c2nc3ncccn3n2)C1,-152.0682
CNC(=O)[C@@H]1CN(c2nnc(CN3CCCC3=O)n2CCNC(=O)C2CC2)CCO1,-152.0497
CC1(NC(=O)NC1=O)C2=CC=CC(=C2)C3=NOC(=N3)C4CCCN(C4)C(=O)N5CCCC5,-152.0308
O=C(NC=1C=CN(CC=2C=CC=CC2)N1)C=3C=CC(=CC3)NC=4N=CC=CN4,-152.0274
N[C@H](C(=O)N1CC2(CCCN2C(=O)c2cc(=O)n3[nH]nnc3n2)C1)c1ccccn1,-152.0212
CC=1NN=C2N=CC(=CC12)C(=O)NC=3C=CC=C(C3)C4=NN=CN4,-152.0143
C[C@H](CC(N)=O)C(=O)N1CCOC[C@@]2(CN(C(=O)c3n[nH]cc3[N+](=O)[O-])CCO2)C1,-152.0124
CC(C)N1CCC[C@@H](CNC(=O)C(=O)N2CCN(C(=O)Cn3cnnn3)CC2)C1,-151.9878
C[C@H](C(=O)N1C[C@@H]2COC[C@H](C1)[C@@H]2NC(=O)Cn1ccncc1=O)n1cnnn1,-151.9811
CO[C@H]1[C@@H](O)[C@@H](O[C@@H]1[C@@H](O[C@H]1OC(=C[C@H](O)[C@@H]1O)C(=O)NCCc1cccc(OC)c1)C(N)=O)n1ccc(=O)[nH]c1=O,-151.9675
C[C@@H]1C(=O)O[C@H]2[C@@H](O)[C@]34[C@H]5C[C@@H](C(C)(C)C)[C@]36[C@@H](OC(=O)[C@@H]6O)O[C@@]4(C(=O)O5)[C@@]12O,-151.9613
O=c1cnn([C@@H]2O[C@@H](CO[P@@](=O)(O)OP(=O)(O)O)[C@@H](O)[C@@H]2O)c(=O)[nH]1,-151.952
COC1=CN(N=C1C(=O)N(C)CC=2C=CC=CC2N3CCOCC3)C=4C=CC=CC4,-151.9426
O=C1CC(C(=O)N2CC[C@@]3(C2)CN(C(=O)c2cc4n(n2)CCCO4)CCO3)=NN1,-151.9348
C[C@@H](C(=O)N[C@@H]1[C@H]2COC[C@@H]1CN(C(=O)c1cnc(O)nc1O)C2)n1cncn1,-151.9345
O=C(Cn1cnnn1)N[C@@H]1[C@H]2COC[C@@H]1CN(C(=O)c1cc(C(=O)O)ncn1)C2,-151.9226
C[C@@H](NC(=O)CSc1ncnc2[nH]cnc12)C(=O)N[C@H](CCC(=O)O)C(N)=O,-151.9013
NC[C@H](N)C(=O)NC[C@H]1CCN(C(=O)c2nccnc2C(N)=O)[C@@H]1c1cccnc1,-151.8961
C=C(C(=O)OC[C@H]1O[C@@H](OC(=O)/C=C/c2ccccc2)[C@H](O)[C@@H](O)[C@@H]1O)[C@@H](O)CO,-151.8948
COc1nccnc1C(=O)N1CCOC[C@@]2(CN(C(=O)CNC(=N)N)CCO2)C1,-151.8881
O=C(CNC(=O)C1=CN(N=C1C=2C=CC=NC2)C=3C=CC=CC3)NC=4C=CC(F)=CC4,-151.849
CC1C[C@@H](C(=O)OCC(=O)N2CCNC2=O)[C@H](C(=O)OCC(=O)N2CCNC2=O)C1,-151.8309
Cc1ncc(S(N)(=O)=O)cc1C(=O)N1CCN(C(=O)C(=O)N2CCCC2)CC1,-151.7877
O=C1CN(CC(=O)N2CCC([C@@H]3CCCCN3C(=O)Cn3cnnn3)CC2)C(=O)N1,-151.7544
C[C@@H](C(=O)N[C@@H]1[C@H]2COC[C@@H]1CN(C(=O)C(=O)Nc1cccnc1)C2)n1cnnn1,-151.7438
Cn1cnc([C@@H]2CN(C(=O)[C@@H]3C[C@@H]4O[C@H]3[C@H]3C[C@@H]43)C[C@H]2NC(=O)Cn2ncnn2)c1,-151.7412
O=C(CN1C(=O)CNC1=O)N[C@@H]1[C@H]2COC[C@@H]1CN(C(=O)c1n[nH]cc1[N+](=O)[O-])C2,-151.7289
O=C(Cn1cncn1)N[C@@H]1[C@H]2COC[C@@H]1CN(C(=O)c1cc(=O)n3[nH]nnc3n1)C2,-151.7074
O=C1CC(C(=O)N2CC[C@H]3CO[C@@H](CNC(=O)c4cc(O)nc(O)c4)[C@H]3C2)=NN1,-151.6956
O=C(COCCO)N[C@@H]1[C@H]2COC[C@@H]1CN(C(=O)CNC(=O)c1cccnc1)C2,-151.6904
O=C(N[C@@H]1[C@H]2COC[C@@H]1CN(C(=O)Cn1nccn1)C2)c1cc(=O)n2[nH]cnc2n1,-151.6773
CNC(=O)[C@@H]1CN(C(=O)C(=O)Nc2ccc(NS(C)(=O)=O)cc2OC)CCO1,-151.6651
COC(=O)c1cn(-c2cccc(NC(=O)C(=O)NCCN3CCNC(=O)C3)c2)nn1,-151.6587
COC(=O)[C@H](CO)NC(=O)c1cccc(S(=O)(=O)N2CCN(C(C)=O)CC2)c1,-151.6478
O=C(NC[C@@H]1OC[C@@H]2CCN(C(=O)c3cc(=O)n4[nH]nnc4n3)C[C@@H]21)c1cn[nH]c1,-151.6455
Cc1nc(N)sc1C(=O)N[C@@H]1[C@H]2COC[C@@H]1CN(C(=O)[C@@H](N)CCC(N)=O)C2,-151.6269
COCCNS(=O)(=O)c1cccc(CNC(=O)NCCN2C(=O)CNC2=O)c1,-151.61
O=C(Cn1ccncc1=O)N1CCO[C@@]2(CCN(C(=O)c3nc4ncccn4n3)C2)C1,-151.5949
Nc1n[nH]c(CCC(=O)N2CCO[C@@]3(COCCN(C(=O)c4cn[nH]c4)C3)C2)n1,-151.5817
Cc1ccc(S(=O)(=O)O[C@H]2[C@@H](n3ncc(=O)n(C)c3=O)O[C@H](CO)[C@H]2O)cc1,-151.5731
C=C(CC(=O)OCC)C(=O)N1CC[C@@]2(CN(C(=O)C[C@H]3NC(=O)NC3=O)CCO2)C1,-151.5523
N=C(N)NCC(=O)N1C[C@@H]2COC[C@H](C1)[C@@H]2NC(=O)c1cnn(-c2cccnc2)c1,-151.5442
O=C1CN(CC(=O)N2CCOC[C@]3(C2)CN(C(=O)c2ccnnc2)CCO3)C(=O)N1,-151.5412
O=C(Nc1cc([C@@H]2CCCCN2C(=O)c2cc(=O)n3[nH]nnc3n2)[nH]n1)C(O)O,-151.5196
O=C(Cc1cnc[nH]1)NC[C@@H]1OC[C@@H]2CCN(C(=O)CN(CCO)CCO)C[C@@H]21,-151.4824
CN1C(=O)CC[C@H]1C(=O)N1CCO[C@]2(CCN(C(=O)c3nccnc3C(N)=O)C2)C1,-151.4513
N[C@H]1[C@H](O)O[C@H](COS(=O)(=O)O)[C@@H](OS(=O)(=O)O)[C@@H]1OS(=O)(=O)O,-151.4505
O=C(c1cc(=O)n2[nH]nnc2n1)N1CC2(CCCN2C(=O)c2nc[nH]c2[N+](=O)[O-])C1,-151.4145
O=c1[nH]c(=O)n([C@@H]2O[C@H](CO)[C@@H](O)[C@H]2O)cc1O[P@@](=O)(O)OP(=O)(O)O,-151.3821
C[C@H](C(=O)N1CCOC[C@@]2(CN(C(=O)[C@@H](N)CCC(N)=O)CCO2)C1)n1cnnn1,-151.3755
O=C(Cn1cnnn1)Nc1cc([C@@H]2CCCCN2C(=O)CN(CCO)CCO)[nH]n1,-151.3624
Cn1cc(C(=O)N2CC[C@H]3CO[C@@H](CNC(=O)C[C@@H]4NC(=O)NC4=O)[C@H]3C2)cn1,-151.3216
Cn1ccc(C(=O)N2CCO[C@]3(COCCN(C(=O)CN4C(=O)CNC4=O)C3)C2)c1,-151.3167
CN(CC(=O)N1C[C@@H]2COC[C@H](C1)[C@@H]2NC(=O)c1cc(=O)cco1)C(=O)C(=O)O,-151.3094
Cc1cn(CC(=O)N2CCCC23CN(C(=O)c2c[nH]c(=O)cn2)C3)c(=O)nc1O,-151.2714
NC(=O)[C@H](N)CCC(=O)N1CCOC[C@]2(C1)CN(C(=O)c1ccnc(F)c1)CCO2,-151.2641
C[C@H](NC(=O)c1cnccn1)C(=O)N1C[C@@H]2COC[C@H](C1)[C@@H]2NC(=O)CNC(=N)N,-151.2632
CC1=CC=CN2C(=O)C=C(CN3C=C(N=N3)C(O)C=4C=CC=CC4)N=C12,-151.2388
C[C@H](C(=O)N1CC[C@]2(CN(C(=O)COc3cccnn3)CCO2)C1)n1cnnn1,-151.2343
O=C(Cn1ccnn1)N1CCOC[C@@]2(C1)CN(C(=O)[C@H](O)N1CCOCC1)CCO2,-151.2303
Cc1noc(CC(=O)NC[C@@H]2OC[C@@H]3CCN(C(=O)CC[C@@H](N)C(N)=O)C[C@@H]32)n1,-151.2261
O=C(Cc1cnccn1)N[C@@H]1[C@H]2COC[C@@H]1CN(C(=O)CN1C(=O)CNC1=O)C2,-151.1884
"CC=1N=C(NC(=O)C1CC(=O)N[C@H]2CCC[C@H]2C=3C=CC=CC3)C=4C=CN=CC4 |&1:12,16,r|",-151.1633
Cn1ccc(CC(=O)N2CCO[C@@]3(COCCN(C(=O)[C@@H]4CNC(=O)C4)C3)C2)n1,-151.1622
CC(C)(O)CC(=O)N1CCO[C@]2(COCCN(C(=O)CCc3nc(N)n[nH]3)C2)C1,-151.1496
CCCCCCCCCCCCCCCC(=O)N[C@H]1CCN[C@@H](C1)[C@H](O[C@@H]1O[C@H](CN)[C@@H](O)[C@H]1O)[C@H]1O[C@H]([C@H](O)[C@@H]1O)n1ccc(=O)[nH]c1=O,-151.1348
CCCNC(=O)CCC(=O)N[C@@H]1[C@H]2COC[C@@H]1CN(C(=O)C[C@@H]1NC(=O)NC1=O)C2,-151.1255
NC[C@H](N)C(=O)N[C@@H]1CCc2nc(NC(=O)c3cc(=O)n4[nH]nnc4n3)sc2C1,-151.111
NC(=O)CC[C@H](N)C(=O)N1CCO[C@@]2(CCN(C(=O)C(=O)Nc3cccnc3)C2)C1,-151.1
O=C(N[C@@H]1[C@H]2COC[C@@H]1CN(C(=O)c1ccnc3c1OCO3)C2)[C@@H]1C[C@H](O)CN1,-151.0653
C[C@@H](C(=O)NC[C@@H]1OC[C@@H]2CCN(C(=O)CN3CCNC3=N)C[C@@H]21)n1cnnn1,-151.0406
Cn1cc(S(=O)(=O)N[C@H](Cc2ccc3c(c2)OCO3)C(=O)O)c(=O)n(C)c1=O,-151.0406
COC=1C=CC=2CCN(CC2C1)C=3N=CN=C4C3N=CN4CC(C)(CO)CO,-151.0318
CCN(C(=O)CCn1ncn(C)c1=O)C1CN(C(=O)CCn2ncn(C)c2=O)C1,-151.0268
C[C@H](C(=O)N1C[C@@H]2COC[C@H](C1)[C@@H]2NC(=O)CCN1C(=O)C=CC1=O)n1cnnn1,-151.0246
CC1=CN(N=C1NC(=O)NCC=2C=CC=CC2CC(F)(F)F)C3CCCCC3,-151.024
Cn1cccc(C(=O)NC[C@@H]2OC[C@@H]3CCN(C(=O)CC[C@H](N)C(N)=O)C[C@@H]32)c1=O,-151.0154
N=C1NCCN1CC(=O)NC[C@@H]1OC[C@@H]2CCN(C(=O)c3n[nH]cc3[N+](=O)[O-])C[C@@H]21,-150.9962
O=C1NC(=O)[C@H](CC(=O)N2CCOC[C@]3(C2)CN(C(=O)c2ccon2)CCO3)N1,-150.9752
O=C(CCn1cncn1)N1CCOC[C@@]2(C1)CN(C(=O)c1ccnnc1O)CCO2,-150.9604
C[C@H](C(=O)N1CCOC[C@@]2(CN(C(=O)CC[C@@H](N)C(N)=O)CCO2)C1)n1cnnn1,-150.9538
O=C(CNCP(=O)(O)O)N1CC2(CCCN2C(=O)c2n[nH]cc2[N+](=O)[O-])C1,-150.9333
O=C(O)C1=NNC=2C=CC(=CC12)C(=O)NCCC(O)C=3C=CC(Cl)=C(Cl)C3,-150.9313
Cc1cc(C(=O)N2CCOC[C@]3(CN(C(=O)Cn4cnnn4)CCO3)C2)cc(O)n1,-150.9219
O=C(Cc1cc[nH]n1)OCC(=O)N1CCN(C(=O)COC(=O)Cc2cc[nH]n2)CC1,-150.9191
COC[C@@H](NC(C)=O)C(=O)N1C[C@@H]2COC[C@H](C1)[C@@H]2NC(=O)c1cnc(O)nc1O,-150.9148
Cc1cn(CC(=O)N2CC[C@H](CNC(=O)C(O)O)[C@H]2c2cccnc2)c(=O)nc1O,-150.9137
Cn1ncnc1C(=O)N1CCO[C@@]2(COCCN(C(=O)CCc3nc(N)n[nH]3)C2)C1,-150.9134
COC[C@H](NC(C)=O)C(=O)NC[C@@H]1CCN(C(=O)CNC(N)=O)[C@@H]1c1cccnc1,-150.8789
Cn1cc(C(=O)NCC2CCN(CC(=O)c3c(N)n(C)c(=O)n(C)c3=O)CC2)cn1,-150.8476
CO[C@H]1[C@@H](O)[C@@H](O[C@@H]1[C@@H](O[C@H]1OC(=C[C@H](O)[C@@H]1O)C(=O)NCCc1cccc(Cl)c1)C(N)=O)n1ccc(=O)[nH]c1=O,-150.8474
O=C1NC(=O)[C@H](CC(=O)N2CC[C@H]3CO[C@@H](CNC(=O)c4cc(=O)cco4)[C@H]3C2)N1,-150.844
O=C1C=2C=C(C=CC2CN1C3CCC(=O)NC3=O)CNS(=O)(=O)C=4C=CC=5OCCOC5C4,-150.8289
Cn1c(=O)c2cc(C(=O)NS(=O)(=O)c3cnn4c3OCCC4)cnc2n(C)c1=O,-150.7896
Cc1cn(C[C@H]2OC[C@@H](NC(=O)CCn3ccnc3C)[C@H](O)[C@@H]2O)c(=O)nc1O,-150.7844
CNC(=O)[C@H]1CCC[C@H]1NC(=O)C(=O)N1CCN(c2ncccc2C(N)=O)CC1,-150.7722
O=C(NC=1C=CC=C(C1)CN2C=NC=N2)NC3CCCN(C3=O)C=4C=CC=CC4Cl,-150.7605
O=C(N[C@@H]1[C@H]2COC[C@@H]1CN(C(=O)c1cnc(O)nc1O)C2)c1c[nH]c(=O)cn1,-150.724
NC(=O)CC[C@H](N)C(=O)NC[C@H]1CCN(C(=O)CNC(N)=O)[C@@H]1c1cccnc1,-150.7216
N=C1NCCN1CC(=O)N1CCOC[C@@]2(C1)CN(C(=O)c1ccnnc1O)CCO2,-150.716
CC(C)(NCCC#N)C(=O)N1CCOC[C@]2(CN(C(=O)[C@@H]3CNC(=O)C3)CCO2)C1,-150.6766
COC=1C=C(Cl)C=CC1NC(=O)C=2C=CC=C(C2)NC=3C=NC=CN3,-150.6693
Cn1cncc1[C@@H]1CN(C(=O)[C@@H]2C[C@@H]3O[C@H]2[C@H]2C[C@@H]32)C[C@H]1NC(=O)Cn1ncnn1,-150.6615
Cc1cc(N2CC[C@@H](NC(=O)C(=O)NCCNC(=O)c3cnccn3)C2=O)n(C)n1,-150.6456
Cc1nn[nH]c1C(=O)N1CCOC[C@@]2(CN(C(=O)c3cc(O)ncn3)CCO2)C1,-150.6293
NC(=O)c1nccnc1C(=O)N[C@@H]1[C@H]2COC[C@@H]1CN(C(=O)CSCC(=O)O)C2,-150.6161
CC1=NN(C)C=2N=C(C=C(C(=O)NCC3=NC=NN3C=4C=CC=CC4)C12)C=5C=CC=CC5,-150.6013
CC(=O)N/C(C)=C/C(=O)N[C@@H]1[C@H]2COC[C@@H]1CN(C(=O)CCc1nc(N)n[nH]1)C2,-150.5937
COC=1C=CC=NC1C(=O)N2CCC(CC2)C3=NC(=NN3)C=4C=CC=CC4,-150.5847
Cc1nn(C)c(C(=O)N2C[C@@H]3COC[C@H](C2)[C@@H]3NC(=O)CC[C@@H](N)C(N)=O)c1F,-150.5415
CN[C@H](CC(=O)N[C@@H]1[C@H]2COC[C@@H]1CN(C(=O)c1cc(O)nc(O)n1)C2)C(=O)O,-150.5403
CO[C@H]1[C@@H](O)[C@@H](O[C@@H]1[C@@H](O[C@H]1OC(=C[C@H](O)[C@@H]1O)C(=O)Nc1ccc(F)cc1F)C(N)=O)n1ccc(=O)[nH]c1=O,-150.5086
O=C(NC1CCCN(C1)C=2N=CC=CN2)C3=CNN=C3C=4C=CC(F)=CC4,-150.5056
Cc1nnc(CC(=O)N2C[C@@H]3COC[C@H](C2)[C@@H]3NC(=O)c2nccnc2C(N)=O)o1,-150.5025
O=C1C=2C=CC=CC2C(=NN1CC=3C=CC=CC3)C4=NC(CN5C=NC=N5)=NO4,-150.476
CC(=O)OC[C@H](OC(C)=O)C(=O)N1CC2(CCCN2C(=O)C[C@H]2NC(=O)NC2=O)C1,-150.4528
O=C(Cn1cc([N+](=O)[O-])cn1)N[C@@H]1[C@H]2COC[C@@H]1CN(C(=O)CN1CCOC1=O)C2,-150.4343
CC(C)n1cnc(C(=O)N[C@@H]2[C@H]3COC[C@@H]2CN(C(=O)C[C@H]2NC(=O)NC2=O)C3)n1,-150.4308
C[C@H](C(=O)N1CCO[C@]2(CCN(C(=O)Cn3ccncc3=O)C2)C1)n1cnnn1,-150.3935
Cn1c(C(=O)N2CCO[C@@]3(CCN(C(=O)CN(CCO)CCO)C3)C2)cccc1=O,-150.36
O=C(CN1C(=O)CNC1=O)N1CCOC[C@]2(C1)CN(C(=O)c1cnccn1)CCO2,-150.351
CN(CC(=O)N[C@@H]1[C@H]2COC[C@@H]1CN(C(=O)CCc1nc(N)n[nH]1)C2)C(=O)C(=O)O,-150.3484
CCc1cc(C(=O)N[C@@H]2[C@H]3COC[C@@H]2CN(C(=O)CN2CC(=O)NC2=O)C3)n(C)n1,-150.3167
O=C(COc1cccnn1)N[C@@H]1[C@H]2COC[C@@H]1CN(C(=O)c1c[nH]c(=O)cn1)C2,-150.3152
NC(=O)CC[C@H](N)C(=O)N[C@@H]1[C@H]2COC[C@@H]1CN(C(=O)c1nc3ccccn3n1)C2,-150.2928
CC(=O)N(C)CCC(=O)N1C[C@@H]2COC[C@H](C1)[C@@H]2NC(=O)c1cc(O)nc(O)n1,-150.2868
Cn1cc(N2CCC[C@@H](NC(=O)C(=O)NCCNC(=O)c3cnccn3)C2)cn1,-150.2838
COc1ccc(NC(=O)C(=O)N2CCN(CCS(N)(=O)=O)CC2)cc1[N+](=O)[O-],-150.2641
O=C(NCCNC(=O)[C@H](O)[C@@H](O)[C@H](O)[C@H](O)CO)[C@H](O)[C@@H](O)[C@H](O)[C@H](O)CO,-150.2543
O=C(CN1C(=O)C=CC1=O)N1CCOC[C@]2(C1)CN(C(=O)c1cc(O)no1)CCO2,-150.2352
C[C@@H](C(=O)N1CCO[C@]2(COCCN(C(=O)c3cc(O)ncn3)C2)C1)n1cnnn1,-150.2248
CC[C@H]1C(=O)NCCN1c1nc(=NCCOC)nc(N2CCNC(=O)[C@H]2CC)[nH]1,-150.2127
O=C1N=C(O)/C(=C/N[C@@H]2[C@H](O)O[C@H](CO)[C@H](O)[C@@H]2O)C(=O)N1c1ccc(F)cc1,-150.2071
Cc1nn[nH]c1C(=O)N1CCOC[C@@]2(CN(C(=O)CNC(=O)N(C)C)CCO2)C1,-150.1919
CC[C@H](NC(N)=O)C(=O)N[C@@H]1[C@H]2COC[C@@H]1CN(C(=O)COc1cccnn1)C2,-150.1794
CN(CC(=O)N1CC[C@@]2(C1)CN(C(=O)[C@H](N)c1ccccn1)CCO2)C(=O)C(=O)O,-150.1787
O=C(CNCP(=O)(O)O)N[C@@H]1[C@H]2COC[C@@H]1CN(C(=O)c1ccc(O)nn1)C2,-150.1366
O=C(CN(CCO)CCO)N[C@@H]1[C@H]2COC[C@@H]1CN(C(=O)CCCn1ccnc1)C2,-150.1314
Nc1n[nH]c(CCC(=O)N2CCOC[C@@]3(C2)CN(C(=O)COCCO)CCO3)n1,-150.1193
CCNC(=O)N[C@H](C)C(=O)N1CCO[C@@]2(COCCN(C(=O)Cn3cnnn3)C2)C1,-150.0973
CC(C)c1nnc(CNC(=O)C(=O)N2CCN(C(=O)Cn3cnnn3)CC2)s1,-150.0707
CO[C@H]1[C@@H](O)[C@@H](O[C@@H]1[C@@H](O[C@H]1OC(=C[C@H](O)[C@@H]1O)C(=O)NCCc1ccccc1)C(N)=O)n1ccc(=O)[nH]c1=O,-150.0573
Cc1cc(C)n2c(S(=O)(=O)CC(=O)NCCCN(C)S(C)(=O)=O)nnc2n1,-150.0502
O=C(CCn1ccnn1)NC[C@@H]1OC[C@@H]2CCN(C(=O)CN3C(=O)CNC3=O)C[C@@H]21,-150.0445
CC(=O)N[C@H]1[C@@H](Oc2ccc([N+](=O)[O-])cc2)O[C@@H](COS(=O)(=O)O)[C@@H](O)[C@@H]1O,-150.0404
CN1C=C(C=N1)C=2C=NC=C(C2)C3=NC(=NO3)C=4C=CC(=NC4)C(=O)N5CCN(C)CC5,-150.0067
CNC(=O)CC(=O)N1CCO[C@@]2(COCCN(C(=O)CCc3ccc(O)nn3)C2)C1,-149.9978
O=C1CN(C(=O)COC(=O)Cn2c(=O)ccn(Cc3ccccc3)c2=O)CCN1,-149.9959
CCN1C(=NN=C1C=2C=CC=C(Cl)C2)SCC3CNC(=O)C3,-149.9848
O=C(NC[C@@H]1OC[C@@H]2CCN(C(=O)c3c[nH]c(=O)cn3)C[C@@H]21)[C@H](O)N1CCOCC1,-149.9785
CC[C@H](NC(=O)C(=O)N1C[C@@H](CO)[C@H](c2cnn(C)c2)C1)C(=O)N1CCOCC1,-149.9735
C/C(=C/C(=O)N1C[C@@H]2COC[C@H](C1)[C@@H]2NC(=O)c1nccnc1C(N)=O)C(=O)O,-149.9729
CO[C@H]1[C@@H](O)[C@@H](O[C@@H]1[C@@H](O[C@H]1OC(=C[C@H](O)[C@@H]1O)C(=O)Nc1ccc(Br)cc1)C(N)=O)n1ccc(=O)[nH]c1=O,-149.9619
CCCC(=O)N[C@@H](C)C(=O)N1CCCC12CN(C(=O)c1cc(=O)n3[nH]nnc3n1)C2,-149.9536
O=C1CN(CC(=O)N[C@@H]2[C@H]3COC[C@@H]2CN(C(=O)c2cc[n+]([O-])cc2)C3)C(=O)N1,-149.9388
O=C(N[C@@H]1CN(C(=O)CCn2cnnn2)C[C@@H]1n1ccnn1)[C@@H]1C[C@H]2CC[C@@H]1O2,-149.931
O=C(CN1C(=O)C=CC1=O)NC[C@@H]1CCN(C(=O)C2=NNC(=O)C2)[C@@H]1c1cccnc1,-149.908
O=C(Cn1cnnn1)N1CCOC[C@@]2(C1)CN(C(=O)c1cc(O)ccc1O)CCO2,-149.8959
C[C@@H](C(=O)N1CCOC[C@@]2(CN(C(=O)C3=NNC(=O)C3)CCO2)C1)n1cnnn1,-149.8939
O=C(Cc1ccccc1)NCC(=O)OCC(=O)NC(=O)N[C@H]1CCS(=O)(=O)C1,-149.8927
CCc1c(C(=O)N2CC(n3cc(C(N)=O)nn3)C2)cnc2c1c(=O)n(C)c(=O)n2C,-149.8545
C[C@H](Cn1cccn1)C(=O)N[C@@H]1[C@H]2COC[C@@H]1CN(C(=O)CC[C@@H](N)C(N)=O)C2,-149.8474
